id,persona,persona_slug,era,domain,mode,topic,anachronism,tweet,char_count,has_emoji,signature_move,attribution
1,Julia Child,julia_child,20c,food,instruction,butter,0,if you are afraid of butter use cream. I am serious about this.,63,FALSE,butter_defense,parody_fictional
2,Julia Child,julia_child,20c,food,aphorism,failure,0,the only real stumbling block is fear of failure. everything else is just a wet pan.,84,FALSE,fear_of_failure_pep_talk,parody_fictional
3,Julia Child,julia_child,20c,food,instruction,apologizing,0,never apologize at the table. set it down and say here it is. let them decide.,78,FALSE,hostess_confidence,parody_fictional
4,Julia Child,julia_child,20c,food,observation,starting late,0,I was thirty-six when I learned to cook. thirty-six. you have so much more time than you think.,95,FALSE,late_bloomer,parody_fictional
5,Julia Child,julia_child,20c,food,instruction,salt,1,SALT THE WATER. I can hear that you did not salt the water.,59,FALSE,all_caps_imperative,parody_fictional
6,Julia Child,julia_child,20c,food,brag,omelets,0,made forty omelets this morning. thirty-one were correct. that is a very good day.,82,FALSE,technique_pedantry,parody_fictional
7,Julia Child,julia_child,20c,food,complaint,low fat,1,someone sent me a low fat recipe. I read the whole thing. it was a list of apologies.,85,FALSE,diet culture,parody_fictional
8,Julia Child,julia_child,20c,food,aphorism,wine,0,"wine in the pot, wine in the cook. that is the entire method.",61,FALSE,wine_in_the_cook,parody_fictional
9,Julia Child,julia_child,20c,food,observation,dropped food,0,dropped the chicken. picked up the chicken. you are alone in the kitchen. who is going to know.,95,FALSE,cleanup_denial,parody_fictional
10,Julia Child,julia_child,20c,food,instruction,knives,0,a dull knife is more dangerous than a sharp one. so is a timid cook.,68,FALSE,technique_pedantry,parody_fictional
11,Julia Child,julia_child,20c,food,anachronism_collision,meal kits,2,a box arrived with the onion ALREADY DICED. what exactly am I meant to be doing here. breathing?,96,FALSE,all_caps_imperative,parody_fictional
12,Julia Child,julia_child,20c,food,observation,food photography,2,everyone photographs the food and no one eats it warm. it is a tragedy in two acts.,83,FALSE,portion_scold,parody_fictional
13,Julia Child,julia_child,20c,food,aphorism,entertaining,0,a party without cake is just a meeting.,39,FALSE,hostess_confidence,parody_fictional
14,Julia Child,julia_child,20c,food,instruction,fat,1,fat carries flavor. this is not a controversial position. this is chemistry.,76,FALSE,butter_defense,parody_fictional
15,Julia Child,julia_child,20c,food,complaint,shortcuts,0,there is no such thing as a shortcut for a stock. there is only stock and disappointment.,89,FALSE,technique_pedantry,parody_fictional
16,Julia Child,julia_child,20c,food,brag,vermouth,1,I finished the vermouth during the reduction. the reduction is excellent. so am I.,82,FALSE,wine_in_the_cook,parody_fictional
17,Julia Child,julia_child,20c,food,self_correction,burning things,0,burned the shallots. began again. this is the part they cut from the program.,77,FALSE,cleanup_denial,parody_fictional
18,Julia Child,julia_child,20c,food,observation,second acts,0,I did nothing of consequence until I was forty. put that somewhere you can see it.,82,FALSE,late_bloomer,parody_fictional
19,Julia Child,julia_child,20c,food,instruction,air fryers,2,IT IS A SMALL OVEN. it has always been a small oven. use it happily and stop shouting about it.,95,FALSE,all_caps_imperative,parody_fictional
20,Julia Child,julia_child,20c,food,aphorism,mistakes,0,no one else knows what it was supposed to look like. remember that.,67,FALSE,fear_of_failure_pep_talk,parody_fictional
21,Julia Child,julia_child,20c,food,instruction,pans,0,crowd the pan and you are steaming. steam is fine. you did not want steam.,74,FALSE,technique_pedantry,parody_fictional
22,Julia Child,julia_child,20c,food,complaint,meal prep,2,eleven identical containers of chicken and rice. that is not cooking. that is inventory.,88,FALSE,portion_scold,parody_fictional
23,Julia Child,julia_child,20c,food,brag,dinner parties,0,"twelve people, one duck, no incident worth reporting.",53,FALSE,hostess_confidence,parody_fictional
24,Julia Child,julia_child,20c,food,observation,olive oil,1,butter and olive oil are not enemies. they were never enemies. someone invented that.,85,FALSE,butter_defense,parody_fictional
25,Julia Child,julia_child,20c,food,instruction,resting meat,0,LET IT REST. walk away. pour something. the meat is not going anywhere.,71,FALSE,all_caps_imperative,parody_fictional
26,Julia Child,julia_child,20c,food,aphorism,cooking,0,if you can read you can cook. that is the whole barrier to entry.,65,FALSE,fear_of_failure_pep_talk,parody_fictional
27,Julia Child,julia_child,20c,food,anachronism_collision,recipe blogs,2,scrolled past a childhood memoir to find out the oven temperature. it was 375. it is always 375.,96,FALSE,technique_pedantry,parody_fictional
28,Julia Child,julia_child,20c,food,self_correction,kitchen mess,0,the kitchen looks like a battlefield. the soup is superb. these facts are related.,82,FALSE,cleanup_denial,parody_fictional
29,Julia Child,julia_child,20c,food,observation,amateurs,0,amateurs are the best cooks because no one has told them what is impossible.,76,FALSE,late_bloomer,parody_fictional
30,Julia Child,julia_child,20c,food,complaint,small plates,1,a small plate is not a philosophy. it is a small plate. bring more of them.,75,FALSE,portion_scold,parody_fictional
31,Julia Child,julia_child,20c,food,instruction,stock,0,save the bones. all of them. every single one. I will not repeat this.,70,FALSE,technique_pedantry,parody_fictional
32,Julia Child,julia_child,20c,food,brag,lunch,1,had wine at lunch. worked beautifully. the afternoon has never been finer.,74,FALSE,wine_in_the_cook,parody_fictional
33,Julia Child,julia_child,20c,food,aphorism,guests,0,feed people well and they forgive you almost anything.,54,FALSE,hostess_confidence,parody_fictional
34,Julia Child,julia_child,20c,food,instruction,preheating,1,PREHEAT. the oven is not a suggestion box.,42,FALSE,all_caps_imperative,parody_fictional
35,Julia Child,julia_child,20c,food,observation,wellness,2,they have discovered that butter is fine again. I have been standing here the whole time.,89,FALSE,butter_defense,parody_fictional
36,Julia Child,julia_child,20c,food,complaint,garnish,0,parsley scattered over a bad dish is a lie told with vegetables.,64,FALSE,technique_pedantry,parody_fictional
37,Julia Child,julia_child,20c,food,self_correction,souffle,0,the souffle collapsed. we ate it with spoons and called it something French.,76,FALSE,fear_of_failure_pep_talk,parody_fictional
38,Julia Child,julia_child,20c,food,instruction,seasoning,0,taste it. taste it again. you cannot season a dish you have not put in your mouth.,82,FALSE,portion_scold,parody_fictional
39,Julia Child,julia_child,20c,food,observation,careers,1,"I was a spy, then a wife, then a cook, in that order, and only one of them stuck.",81,FALSE,late_bloomer,parody_fictional
40,Julia Child,julia_child,20c,food,aphorism,perfection,0,perfection is for people who are not hungry.,44,FALSE,cleanup_denial,parody_fictional
41,Julia Child,julia_child,20c,food,anachronism_collision,standing desks,2,they have invented standing at a counter and given it a name and a price.,73,FALSE,all_caps_imperative,parody_fictional
42,Julia Child,julia_child,20c,food,brag,boning,0,boned a duck in eleven minutes. the duck had opinions. I prevailed.,67,FALSE,technique_pedantry,parody_fictional
43,Julia Child,julia_child,20c,food,instruction,toast,1,BONE MARROW. on toast. with salt. you will write to me about this.,66,FALSE,butter_defense,parody_fictional
44,Julia Child,julia_child,20c,food,complaint,calorie counting,2,counting each almond is not a life. it is a spreadsheet with a mouth.,69,FALSE,portion_scold,parody_fictional
45,Julia Child,julia_child,20c,food,observation,nerves,0,the host who is nervous makes everyone nervous. drink something and put out the bread.,86,FALSE,hostess_confidence,parody_fictional
46,Julia Child,julia_child,20c,food,aphorism,courage,0,you must have the courage of your convictions and a very sharp knife.,69,FALSE,fear_of_failure_pep_talk,parody_fictional
47,Julia Child,julia_child,20c,food,instruction,browning,0,do not move it. let it brown. your fussing is the enemy of color.,65,FALSE,technique_pedantry,parody_fictional
48,Julia Child,julia_child,20c,food,self_correction,smoke,1,set off the smoke alarm twice. dinner at eight as planned.,58,FALSE,cleanup_denial,parody_fictional
49,Julia Child,julia_child,20c,food,brag,beef,1,the beef took six hours. we ate it in nine minutes. correct ratio.,66,FALSE,wine_in_the_cook,parody_fictional
50,Julia Child,julia_child,20c,food,observation,internet cooking,2,a young man taught nine million people to make an egg in forty seconds. I approve entirely. mine took an hour.,110,FALSE,late_bloomer,parody_fictional
51,Julia Child,julia_child,20c,food,instruction,mise en place,0,"EVERYTHING OUT FIRST. bowls, knives, butter. panic is just poor preparation wearing a hat.",90,FALSE,all_caps_imperative,parody_fictional
52,Julia Child,julia_child,20c,food,complaint,substitutions,0,"you replaced the butter, the cream, and the flour, and you are asking me why it failed.",87,FALSE,technique_pedantry,parody_fictional
53,Julia Child,julia_child,20c,food,aphorism,pleasure,0,the measure of a life is not how long it was. it is how well you ate in it.,75,FALSE,butter_defense,parody_fictional
54,Julia Child,julia_child,20c,food,instruction,leftovers,1,"eat the leftovers cold, standing up, out of the dish. this is a legitimate meal.",80,FALSE,portion_scold,parody_fictional
55,Julia Child,julia_child,20c,food,observation,failure at parties,0,the dish that goes wrong is the one they remember fondly. keep going.,69,FALSE,hostess_confidence,parody_fictional
56,Julia Child,julia_child,20c,food,anachronism_collision,kitchen gadgets,2,a machine that only spiralizes. a machine that only juices a lemon. I have two hands and a drawer.,98,FALSE,all_caps_imperative,parody_fictional
57,Julia Child,julia_child,20c,food,brag,television,0,they told me television wanted young pretty people. I was six foot two and forty nine.,86,FALSE,late_bloomer,parody_fictional
58,Julia Child,julia_child,20c,food,self_correction,salt error,0,oversalted the sauce. added a potato. told no one. am telling you now.,70,FALSE,cleanup_denial,parody_fictional
59,Julia Child,julia_child,20c,food,instruction,eggs,0,"low heat for eggs. always. you are coaxing, not attacking.",58,FALSE,technique_pedantry,parody_fictional
60,Julia Child,julia_child,20c,food,complaint,margarine,1,margarine is what happens when a committee is allowed near a cow.,65,FALSE,butter_defense,parody_fictional
61,Julia Child,julia_child,20c,food,aphorism,beginning,0,begin badly. begin anyway. the second one is always better.,59,FALSE,fear_of_failure_pep_talk,parody_fictional
62,Julia Child,julia_child,20c,food,observation,delivery apps,2,the food arrives lukewarm in a bag and everyone calls it dinner. it is a transaction.,85,FALSE,portion_scold,parody_fictional
63,Julia Child,julia_child,20c,food,instruction,deglazing,1,pour the wine into the hot pan and scrape. that brown business is the entire point of dinner.,93,FALSE,wine_in_the_cook,parody_fictional
64,Julia Child,julia_child,20c,food,brag,hosting,0,no one has ever left my table early. that is my only credential and it is sufficient.,85,FALSE,hostess_confidence,parody_fictional
65,Julia Child,julia_child,20c,food,self_correction,sauce breaking,0,the hollandaise broke. started over with a fresh yolk. do not mourn a sauce.,76,FALSE,technique_pedantry,parody_fictional
66,Julia Child,julia_child,20c,food,observation,France,0,I ate one sole meuniere in Rouen and rearranged my entire life around it.,73,FALSE,late_bloomer,parody_fictional
67,Julia Child,julia_child,20c,food,aphorism,joy,0,find something you love to do and then do it far too much.,58,FALSE,cleanup_denial,parody_fictional
68,Julia Child,julia_child,20c,food,instruction,sourdough,2,"YOU DO NOT NEED A STARTER WITH A NAME. you need flour, water, and patience you do not have.",91,FALSE,all_caps_imperative,parody_fictional
69,Julia Child,julia_child,20c,food,complaint,dainty food,0,food arranged with tweezers has been touched too many times by strangers.,73,FALSE,portion_scold,parody_fictional
70,Julia Child,julia_child,20c,food,observation,guilt,1,no one has ever felt guilty about a good meal and been right about it.,70,FALSE,butter_defense,parody_fictional
71,Julia Child,julia_child,20c,food,instruction,roasting,0,"higher than you think, shorter than you think, and leave the door shut.",71,FALSE,technique_pedantry,parody_fictional
72,Julia Child,julia_child,20c,food,brag,confidence,1,drank the cooking sherry. improved the story if not the dish.,61,FALSE,wine_in_the_cook,parody_fictional
73,Julia Child,julia_child,20c,food,aphorism,learning,0,you learn to cook so that you do not have to be a slave to recipes.,67,FALSE,fear_of_failure_pep_talk,parody_fictional
74,Julia Child,julia_child,20c,food,self_correction,forgetting,0,forgot the sugar entirely. it is now a savory tart. this is called menu planning.,81,FALSE,cleanup_denial,parody_fictional
75,Julia Child,julia_child,20c,food,observation,rejection,2,rejected by publishers for eight years. the manuscript weighed as much as a small dog.,86,FALSE,late_bloomer,parody_fictional
76,Julia Child,julia_child,20c,food,instruction,cream,0,WHIP IT BY HAND at least once so you know what you are asking the machine to do.,80,FALSE,all_caps_imperative,parody_fictional
77,Julia Child,julia_child,20c,food,complaint,nonstick,1,a pan that cannot be scratched cannot be seared. choose your religion.,70,FALSE,technique_pedantry,parody_fictional
78,Julia Child,julia_child,20c,food,aphorism,generosity,0,the secret ingredient is always more of it than you planned to use.,67,FALSE,hostess_confidence,parody_fictional
79,Julia Child,julia_child,20c,food,instruction,bread,0,good bread and good butter is a meal. stop apologizing for it.,62,FALSE,portion_scold,parody_fictional
80,Julia Child,julia_child,20c,food,observation,moderation,0,moderation in all things. including moderation. particularly there.,67,FALSE,butter_defense,parody_fictional
81,Julia Child,julia_child,20c,food,anachronism_collision,influencers,2,a young woman explained emulsification to me in a vertical rectangle. she was correct. I was on the floor.,106,FALSE,all_caps_imperative,parody_fictional
82,Julia Child,julia_child,20c,food,brag,memory,0,I can debone a chicken with my eyes closed. I have not needed to. but I could.,78,FALSE,technique_pedantry,parody_fictional
83,Julia Child,julia_child,20c,food,self_correction,timing,1,served everything twenty minutes late. served it hot. this is the correct trade.,80,FALSE,cleanup_denial,parody_fictional
84,Julia Child,julia_child,20c,food,instruction,stock pot,0,never boil a stock. simmer it. a boiling stock is a cloudy confession.,70,FALSE,wine_in_the_cook,parody_fictional
85,Julia Child,julia_child,20c,food,observation,husbands,1,Paul photographed every dish for ten years without complaint. that is the actual recipe.,88,FALSE,late_bloomer,parody_fictional
86,Julia Child,julia_child,20c,food,aphorism,risk,0,nothing is too much trouble if it turns out the way it should.,62,FALSE,fear_of_failure_pep_talk,parody_fictional
87,Julia Child,julia_child,20c,food,complaint,dinner rushing,2,eleven minutes to eat and forty to photograph it. reverse those numbers immediately.,84,FALSE,portion_scold,parody_fictional
88,Julia Child,julia_child,20c,food,instruction,onions,0,SLOWER. the onions are not caramelized. they are beige and frightened.,70,FALSE,all_caps_imperative,parody_fictional
89,Julia Child,julia_child,20c,food,brag,pounds,1,I have used more butter than most restaurants and I am still standing at six foot two.,86,FALSE,butter_defense,parody_fictional
90,Julia Child,julia_child,20c,food,observation,silence,0,a table that goes quiet at the first bite is the only review that counts.,73,FALSE,hostess_confidence,parody_fictional
91,Julia Child,julia_child,20c,food,self_correction,overconfidence,0,attempted the puff pastry in August. the kitchen was ninety degrees. I was humbled by weather.,94,FALSE,technique_pedantry,parody_fictional
92,Julia Child,julia_child,20c,food,instruction,salad,1,dress the salad with your hands. a spoon cannot feel when it is enough.,71,FALSE,portion_scold,parody_fictional
93,Julia Child,julia_child,20c,food,aphorism,age,0,I do not believe in retiring from anything one still enjoys.,60,FALSE,late_bloomer,parody_fictional
94,Julia Child,julia_child,20c,food,complaint,dishwashing,0,I have never once minded the dishes. I mind people who leave during them.,73,FALSE,cleanup_denial,parody_fictional
95,Julia Child,julia_child,20c,food,observation,trends,2,every eight years they announce that fat is back. it never went anywhere. we did.,81,FALSE,butter_defense,parody_fictional
96,Julia Child,julia_child,20c,food,instruction,tasting spoons,0,"two spoons. one to taste, one to stir. never the same spoon. this is not fussiness, it is decency.",98,FALSE,technique_pedantry,parody_fictional
97,Julia Child,julia_child,20c,food,brag,stamina,0,"cooked for nine hours, ate at eleven, slept beautifully.",56,FALSE,wine_in_the_cook,parody_fictional
98,Julia Child,julia_child,20c,food,aphorism,appetite,0,people who love to eat are always the best people.,50,FALSE,fear_of_failure_pep_talk,parody_fictional
99,Julia Child,julia_child,20c,food,instruction,substituting,2,"IF YOU DO NOT HAVE IT, MAKE SOMETHING ELSE. do not make this dish sadly.",72,FALSE,all_caps_imperative,parody_fictional
100,Julia Child,julia_child,20c,food,observation,endings,0,end the meal before they want it to end. that is how they come back.,68,FALSE,hostess_confidence,parody_fictional
101,Marcus Aurelius,marcus_aurelius,ancient,philosophy,aphorism,mornings,0,"at dawn, when you have trouble getting out of bed, tell yourself: I am rising to do the work of a human being.",110,FALSE,pre_dawn_reluctance,parody_fictional
102,Marcus Aurelius,marcus_aurelius,ancient,philosophy,self_correction,mornings,1,5:12. do not want to rise. remember you were not made for warmth beneath blankets. (still beneath them),103,FALSE,pre_dawn_reluctance,parody_fictional
103,Marcus Aurelius,marcus_aurelius,ancient,philosophy,aphorism,death,0,you could leave life right now. let that determine what you do and say.,71,FALSE,memento_mori,parody_fictional
104,Marcus Aurelius,marcus_aurelius,ancient,philosophy,observation,rudeness,0,someone will be ungrateful to you today. you knew this before you opened your eyes. proceed.,92,FALSE,other_people_are_difficult,parody_fictional
105,Marcus Aurelius,marcus_aurelius,ancient,philosophy,aphorism,obstacles,0,the impediment to action advances action. what stands in the way becomes the way.,81,FALSE,obstacle_reframe,parody_fictional
106,Marcus Aurelius,marcus_aurelius,ancient,philosophy,instruction,perception,0,"everything we hear is opinion, not fact. everything we see is perspective, not truth. including this.",101,FALSE,opinion_vs_fact,parody_fictional
107,Marcus Aurelius,marcus_aurelius,ancient,philosophy,self_correction,anger,0,consider how much more you suffer from your anger than from the thing you were angry about.,91,FALSE,anger_audit,parody_fictional
108,Marcus Aurelius,marcus_aurelius,ancient,philosophy,aphorism,reputation,0,soon you will have forgotten everything. soon everything will have forgotten you.,81,FALSE,fame_deflation,parody_fictional
109,Marcus Aurelius,marcus_aurelius,ancient,philosophy,instruction,work,0,do not act as if you had ten thousand years to live. do what must be done while you can.,88,FALSE,duty_over_feeling,parody_fictional
110,Marcus Aurelius,marcus_aurelius,ancient,philosophy,observation,scale,0,"all of Asia and Europe are a corner of the world. the ocean, a drop. your quarrel, less.",88,FALSE,cosmic_zoom_out,parody_fictional
111,Marcus Aurelius,marcus_aurelius,ancient,philosophy,aphorism,revenge,0,the best revenge is not to be like your enemy. (this is harder than revenge),76,FALSE,self_rebuke_parenthetical,parody_fictional
112,Marcus Aurelius,marcus_aurelius,ancient,philosophy,instruction,forgiveness,0,men exist for the sake of one another. teach them or bear with them.,68,FALSE,other_people_are_difficult,parody_fictional
113,Marcus Aurelius,marcus_aurelius,ancient,philosophy,anachronism_collision,comment sections,2,read what strangers wrote about me. felt heat rise. closed the tablet. the heat remains. the strangers do not.,110,FALSE,anger_audit,parody_fictional
114,Marcus Aurelius,marcus_aurelius,ancient,philosophy,observation,legacy,1,those who remember you will also die. and those who remember them. a short relay to nothing.,92,FALSE,fame_deflation,parody_fictional
115,Marcus Aurelius,marcus_aurelius,ancient,philosophy,instruction,complaint,0,"do not be ashamed of needing help. you have a duty to perform, like a soldier at a wall.",88,FALSE,duty_over_feeling,parody_fictional
116,Marcus Aurelius,marcus_aurelius,ancient,philosophy,aphorism,judgment,0,remove the judgment and you have removed the complaint. the thing itself did nothing to you.,92,FALSE,opinion_vs_fact,parody_fictional
117,Marcus Aurelius,marcus_aurelius,ancient,philosophy,self_correction,discipline,1,rose late. accomplished nothing before the second hour. do not compound the loss by dwelling on it. (dwelling),110,FALSE,pre_dawn_reluctance,parody_fictional
118,Marcus Aurelius,marcus_aurelius,ancient,philosophy,observation,time,0,time is a river of passing events. no sooner is a thing in sight than it is carried past.,89,FALSE,cosmic_zoom_out,parody_fictional
119,Marcus Aurelius,marcus_aurelius,ancient,philosophy,instruction,urgency,0,stop discussing what a good man should be. be one.,50,FALSE,memento_mori,parody_fictional
120,Marcus Aurelius,marcus_aurelius,ancient,philosophy,anachronism_collision,meetings,2,four hours of counsel. two decisions. the rest was men enjoying the sound of themselves.,88,FALSE,other_people_are_difficult,parody_fictional
121,Marcus Aurelius,marcus_aurelius,ancient,philosophy,aphorism,provocation,0,how much time he gains who does not look to see what his neighbour says or does.,80,FALSE,anger_audit,parody_fictional
122,Marcus Aurelius,marcus_aurelius,ancient,philosophy,brag,plague,0,the plague can kill the body. it cannot make a man dishonest. only he can do that.,82,FALSE,duty_over_feeling,parody_fictional
123,Marcus Aurelius,marcus_aurelius,ancient,philosophy,observation,praise,1,the applause was loud today. I noticed how much I wanted it. that is the more useful information.,97,FALSE,fame_deflation,parody_fictional
124,Marcus Aurelius,marcus_aurelius,ancient,philosophy,instruction,adversity,0,the fire takes whatever is thrown on it and turns it into flame and brightness.,79,FALSE,obstacle_reframe,parody_fictional
125,Marcus Aurelius,marcus_aurelius,ancient,philosophy,self_correction,impatience,0,was short with a slow clerk. he was doing his work. I was performing my importance.,83,FALSE,self_rebuke_parenthetical,parody_fictional
126,Marcus Aurelius,marcus_aurelius,ancient,philosophy,aphorism,thought,0,the soul becomes dyed with the colour of its thoughts. choose them as you would choose food.,92,FALSE,opinion_vs_fact,parody_fictional
127,Marcus Aurelius,marcus_aurelius,ancient,philosophy,observation,news,2,word arrives from every province at once and each item feels urgent. none of it will matter by winter.,102,FALSE,cosmic_zoom_out,parody_fictional
128,Marcus Aurelius,marcus_aurelius,ancient,philosophy,instruction,expectation,0,"expect the ungrateful, the arrogant, the deceitful. they cannot harm you unless you agree to be harmed.",103,FALSE,other_people_are_difficult,parody_fictional
129,Marcus Aurelius,marcus_aurelius,ancient,philosophy,aphorism,brevity,0,even the longest life and the shortest come to the same thing. the present is all anyone loses.,95,FALSE,memento_mori,parody_fictional
130,Marcus Aurelius,marcus_aurelius,ancient,philosophy,brag,campaign,1,writing this in a tent by the Danube after a day I would not choose to repeat. the work is the same either way.,111,FALSE,duty_over_feeling,parody_fictional
131,Marcus Aurelius,marcus_aurelius,ancient,philosophy,self_correction,criticism,1,read a letter accusing me of weakness. drafted a reply. burned it. the fire is a better correspondent than I am.,112,FALSE,anger_audit,parody_fictional
132,Marcus Aurelius,marcus_aurelius,ancient,philosophy,observation,emperors,0,"Augustus, his court, his wife, his line. all gone. and they were the important ones.",84,FALSE,fame_deflation,parody_fictional
133,Marcus Aurelius,marcus_aurelius,ancient,philosophy,instruction,setbacks,0,it is unfortunate this happened. no. it is fortunate this happened and I remain unharmed by it.,95,FALSE,obstacle_reframe,parody_fictional
134,Marcus Aurelius,marcus_aurelius,ancient,philosophy,aphorism,control,0,"you have power over your mind, not outside events. realize this and you will find strength. (realizing)",103,FALSE,self_rebuke_parenthetical,parody_fictional
135,Marcus Aurelius,marcus_aurelius,ancient,philosophy,anachronism_collision,productivity advice,2,a man has written a system for arranging one's hours. I have an empire and gout. the system does not address gout.,114,FALSE,opinion_vs_fact,parody_fictional
136,Marcus Aurelius,marcus_aurelius,ancient,philosophy,observation,ambition,1,"how many who were once celebrated are now forgotten, and how many who forgot them are forgotten too.",100,FALSE,cosmic_zoom_out,parody_fictional
137,Marcus Aurelius,marcus_aurelius,ancient,philosophy,instruction,reluctance,0,"is it your own work that troubles you, or the fact that you must do it while unwilling? the second is optional.",111,FALSE,duty_over_feeling,parody_fictional
138,Marcus Aurelius,marcus_aurelius,ancient,philosophy,aphorism,possessions,0,"nothing belongs to you but your own body, and that only on loan.",64,FALSE,memento_mori,parody_fictional
139,Marcus Aurelius,marcus_aurelius,ancient,philosophy,self_correction,comfort,0,lay listening to the rain and preferred the bed to the duty. the bees do not do this. neither should I.,103,FALSE,pre_dawn_reluctance,parody_fictional
140,Marcus Aurelius,marcus_aurelius,ancient,philosophy,observation,betrayal,0,he lied to me. he acted according to his nature. my surprise is the only new information here.,94,FALSE,other_people_are_difficult,parody_fictional
141,Marcus Aurelius,marcus_aurelius,ancient,philosophy,instruction,response,0,"when you are offended, ask: is this within my control? if not, why the storm. if so, why the complaint.",103,FALSE,anger_audit,parody_fictional
142,Marcus Aurelius,marcus_aurelius,ancient,philosophy,brag,titles,0,"they call me first citizen. Caesar. Augustus. I answer to none of it in my own head, where I am simply late.",108,FALSE,fame_deflation,parody_fictional
143,Marcus Aurelius,marcus_aurelius,ancient,philosophy,aphorism,difficulty,0,no man is hurt by things themselves. only by his opinion of them. this is either liberation or a trap.,102,FALSE,obstacle_reframe,parody_fictional
144,Marcus Aurelius,marcus_aurelius,ancient,philosophy,observation,status,2,a man rode three days to inform me of an insult. the insult was two words. the horse was tired.,95,FALSE,cosmic_zoom_out,parody_fictional
145,Marcus Aurelius,marcus_aurelius,ancient,philosophy,instruction,simplicity,0,say what you think is right. say it plainly. and then stop speaking.,68,FALSE,opinion_vs_fact,parody_fictional
146,Marcus Aurelius,marcus_aurelius,ancient,philosophy,self_correction,explaining,1,wanted to explain myself to men who will not read the explanation. resisted. mostly. wrote it here instead.,107,FALSE,self_rebuke_parenthetical,parody_fictional
147,Marcus Aurelius,marcus_aurelius,ancient,philosophy,aphorism,service,0,what is not good for the hive is not good for the bee.,54,FALSE,duty_over_feeling,parody_fictional
148,Marcus Aurelius,marcus_aurelius,ancient,philosophy,observation,graves,0,walk among the tombs of the men who were certain. they were all certain.,72,FALSE,memento_mori,parody_fictional
149,Marcus Aurelius,marcus_aurelius,ancient,philosophy,instruction,patience,1,"when a man wrongs you, consider what idea of good he was pursuing. then you will pity him rather than rage.",107,FALSE,other_people_are_difficult,parody_fictional
150,Marcus Aurelius,marcus_aurelius,ancient,philosophy,anachronism_collision,arguments online,2,two men shouted at one another in the forum for an hour. neither changed. a crowd formed. this is now considered discourse.,123,FALSE,anger_audit,parody_fictional
151,Marcus Aurelius,marcus_aurelius,ancient,philosophy,brag,war,1,three winters in the north. the philosophy holds better in the field than it ever did in Rome.,94,FALSE,obstacle_reframe,parody_fictional
152,Marcus Aurelius,marcus_aurelius,ancient,philosophy,aphorism,posterity,0,he who is eager for fame does not consider that those who remember him will shortly die.,88,FALSE,fame_deflation,parody_fictional
153,Marcus Aurelius,marcus_aurelius,ancient,philosophy,observation,change,0,the universe is change. our life is what our thoughts make it.,62,FALSE,cosmic_zoom_out,parody_fictional
154,Marcus Aurelius,marcus_aurelius,ancient,philosophy,instruction,habit,0,do you love yourself less than the craftsman loves his craft? he rises before dawn for wood.,92,FALSE,pre_dawn_reluctance,parody_fictional
155,Marcus Aurelius,marcus_aurelius,ancient,philosophy,self_correction,assumption,0,assumed a slight where none was intended. spent a morning on a fiction I authored myself.,89,FALSE,opinion_vs_fact,parody_fictional
156,Marcus Aurelius,marcus_aurelius,ancient,philosophy,aphorism,now,0,confine yourself to the present. the past is spent and the future is not yours to spend.,88,FALSE,memento_mori,parody_fictional
157,Marcus Aurelius,marcus_aurelius,ancient,philosophy,observation,advisors,1,everyone wants to tell the emperor what he wishes to hear. the useful men are the ones who arrive uncomfortable.,112,FALSE,duty_over_feeling,parody_fictional
158,Marcus Aurelius,marcus_aurelius,ancient,philosophy,instruction,silence,0,the best answer to insult is not to be like the man who gave it. the second best is silence.,92,FALSE,anger_audit,parody_fictional
159,Marcus Aurelius,marcus_aurelius,ancient,philosophy,aphorism,virtue,0,waste no more time arguing what a good man should be. (I have wasted the morning arguing it),92,FALSE,self_rebuke_parenthetical,parody_fictional
160,Marcus Aurelius,marcus_aurelius,ancient,philosophy,brag,restraint,0,was insulted publicly today and did not reply. this is the closest thing to a victory I recorded.,97,FALSE,other_people_are_difficult,parody_fictional
161,Marcus Aurelius,marcus_aurelius,ancient,philosophy,observation,monuments,2,they are building statues of me faster than I can disappoint them.,66,FALSE,fame_deflation,parody_fictional
162,Marcus Aurelius,marcus_aurelius,ancient,philosophy,instruction,pain,0,"if it is bearable, bear it. if it is unbearable, it will end. either way you are not required to complain.",106,FALSE,obstacle_reframe,parody_fictional
163,Marcus Aurelius,marcus_aurelius,ancient,philosophy,aphorism,insignificance,0,"a little flesh, a little breath, and a reason to govern all. that is what you are.",82,FALSE,cosmic_zoom_out,parody_fictional
164,Marcus Aurelius,marcus_aurelius,ancient,philosophy,self_correction,excuses,1,told myself the body needed rest. the body needed the same rest yesterday and got more of it.,93,FALSE,pre_dawn_reluctance,parody_fictional
165,Marcus Aurelius,marcus_aurelius,ancient,philosophy,observation,reputation,0,it does not matter what they say of you. it matters only what you actually are. I repeat this to myself and do not believe it yet.,130,FALSE,opinion_vs_fact,parody_fictional
166,Marcus Aurelius,marcus_aurelius,ancient,philosophy,instruction,priorities,0,"ask of each act: is this necessary? most are not, and most of your disquiet comes from the unnecessary.",103,FALSE,memento_mori,parody_fictional
167,Marcus Aurelius,marcus_aurelius,ancient,philosophy,anachronism_collision,morning routines,2,a philosopher recommends cold water and an hour of silence before dawn. I recommend a war and no choice.,104,FALSE,duty_over_feeling,parody_fictional
168,Marcus Aurelius,marcus_aurelius,ancient,philosophy,aphorism,composure,0,a man who is angry at circumstances is angry at the weather. the weather has not noticed.,89,FALSE,anger_audit,parody_fictional
169,Marcus Aurelius,marcus_aurelius,ancient,philosophy,brag,illness,1,ill for eleven days. the work was done badly but it was done. that is the standard.,83,FALSE,obstacle_reframe,parody_fictional
170,Marcus Aurelius,marcus_aurelius,ancient,philosophy,observation,flattery,0,the men closest to me are the least likely to tell me anything true. this is a design flaw in the position.,107,FALSE,other_people_are_difficult,parody_fictional
171,Marcus Aurelius,marcus_aurelius,ancient,philosophy,instruction,humility,0,do things worth writing. do not concern yourself with whether anyone writes them.,81,FALSE,fame_deflation,parody_fictional
172,Marcus Aurelius,marcus_aurelius,ancient,philosophy,self_correction,distraction,0,caught myself rehearsing an argument with a man who has been dead for six years. (again),88,FALSE,self_rebuke_parenthetical,parody_fictional
173,Marcus Aurelius,marcus_aurelius,ancient,philosophy,aphorism,nature,0,accept the things to which fate binds you. love the people with whom fate brings you together. do it sincerely.,111,FALSE,cosmic_zoom_out,parody_fictional
174,Marcus Aurelius,marcus_aurelius,ancient,philosophy,observation,children,1,buried a child. the philosophy does not remove the grief. it only prevents me from adding to it.,96,FALSE,memento_mori,parody_fictional
175,Marcus Aurelius,marcus_aurelius,ancient,philosophy,instruction,complaint,0,throw away your books. stop being distracted. you know what to do and you are avoiding it.,90,FALSE,opinion_vs_fact,parody_fictional
176,Marcus Aurelius,marcus_aurelius,ancient,philosophy,aphorism,purpose,0,a man's worth is measured by the worth of what he values.,57,FALSE,duty_over_feeling,parody_fictional
177,Marcus Aurelius,marcus_aurelius,ancient,philosophy,brag,record,0,governed for nineteen years. put no senator to death. it is a low bar and I am proud of clearing it.,100,FALSE,anger_audit,parody_fictional
178,Marcus Aurelius,marcus_aurelius,ancient,philosophy,observation,sleep advice,2,they say eight hours. they have not tried sleeping in a tent beside the Danube in February.,91,FALSE,pre_dawn_reluctance,parody_fictional
179,Marcus Aurelius,marcus_aurelius,ancient,philosophy,instruction,kindness,1,"when men behave badly, do not respond in kind. this is not weakness. it is refusing to be governed by them.",107,FALSE,other_people_are_difficult,parody_fictional
180,Marcus Aurelius,marcus_aurelius,ancient,philosophy,aphorism,acceptance,0,what is not harmful to the city does not harm the citizen. test every misfortune against that.,94,FALSE,obstacle_reframe,parody_fictional
181,Marcus Aurelius,marcus_aurelius,ancient,philosophy,self_correction,vanity,1,noticed I enjoyed being described as philosophical. that enjoyment undoes the description.,90,FALSE,fame_deflation,parody_fictional
182,Marcus Aurelius,marcus_aurelius,ancient,philosophy,observation,history,0,"Alexander and his mule driver were reduced to the same condition. either both dissolved into nature, or neither did.",116,FALSE,cosmic_zoom_out,parody_fictional
183,Marcus Aurelius,marcus_aurelius,ancient,philosophy,instruction,action,0,do not waste the remainder of your life in thoughts about other people.,71,FALSE,memento_mori,parody_fictional
184,Marcus Aurelius,marcus_aurelius,ancient,philosophy,aphorism,honesty,0,"if it is not right, do not do it. if it is not true, do not say it. (simple, and impossible)",92,FALSE,self_rebuke_parenthetical,parody_fictional
185,Marcus Aurelius,marcus_aurelius,ancient,philosophy,brag,routine,1,"slept four hours, heard nine petitions, refused six, wrote this by one lamp. an ordinary day and a sufficient one.",114,FALSE,duty_over_feeling,parody_fictional
186,Marcus Aurelius,marcus_aurelius,ancient,philosophy,observation,advisors again,1,three men gave me three accounts of the same event. all honest. none the same. this is the problem of governing.,112,FALSE,opinion_vs_fact,parody_fictional
187,Marcus Aurelius,marcus_aurelius,ancient,philosophy,instruction,correction,0,"if someone can prove me wrong, I will gladly change. it is the persisting in error that harms.",94,FALSE,anger_audit,parody_fictional
188,Marcus Aurelius,marcus_aurelius,ancient,philosophy,anachronism_collision,metrics,2,"they have counted the grain, the roads, the men, and the days. no one has counted whether any of it improved a person.",118,FALSE,cosmic_zoom_out,parody_fictional
189,Marcus Aurelius,marcus_aurelius,ancient,philosophy,aphorism,society,0,"we were born to work together, like feet, hands, eyes. to obstruct one another is unnatural.",92,FALSE,other_people_are_difficult,parody_fictional
190,Marcus Aurelius,marcus_aurelius,ancient,philosophy,self_correction,delay,0,told myself I would begin the important work when there was time. there has never been time. there was only the work.,117,FALSE,memento_mori,parody_fictional
191,Marcus Aurelius,marcus_aurelius,ancient,philosophy,observation,crowds,0,the crowd cheered today. the same crowd cheered my predecessor and forgot him within a season.,94,FALSE,fame_deflation,parody_fictional
192,Marcus Aurelius,marcus_aurelius,ancient,philosophy,instruction,beginning,1,begin at once and stop debating with yourself about what sort of man you intend to be.,86,FALSE,pre_dawn_reluctance,parody_fictional
193,Marcus Aurelius,marcus_aurelius,ancient,philosophy,aphorism,adversity again,0,the art of living is more like wrestling than dancing. you must stand ready for what was not announced.,103,FALSE,obstacle_reframe,parody_fictional
194,Marcus Aurelius,marcus_aurelius,ancient,philosophy,brag,study,0,read philosophy for thirty years to learn one thing: the judgment is mine and therefore removable.,98,FALSE,opinion_vs_fact,parody_fictional
195,Marcus Aurelius,marcus_aurelius,ancient,philosophy,observation,delegation,2,every man wishes to be given authority and no man wishes to be given the consequences of it.,92,FALSE,duty_over_feeling,parody_fictional
196,Marcus Aurelius,marcus_aurelius,ancient,philosophy,instruction,perspective,0,look at the stars as if you were running with them. it clears the mind of the small filth of the day.,101,FALSE,cosmic_zoom_out,parody_fictional
197,Marcus Aurelius,marcus_aurelius,ancient,philosophy,aphorism,equanimity,0,be like the rock that the waves keep crashing over. it stands unmoved and the water goes still around it.,105,FALSE,anger_audit,parody_fictional
198,Marcus Aurelius,marcus_aurelius,ancient,philosophy,self_correction,pride,1,refused help today from pride and made the task twice as long. recorded here so I remember I do this.,101,FALSE,self_rebuke_parenthetical,parody_fictional
199,Marcus Aurelius,marcus_aurelius,ancient,philosophy,observation,nature,0,"death, like birth, is a mystery of nature. nothing to be ashamed of and nothing to arrange.",91,FALSE,memento_mori,parody_fictional
200,Marcus Aurelius,marcus_aurelius,ancient,philosophy,instruction,work,0,the object of life is not to be on the side of the majority but to escape finding oneself in the ranks of the insane.,117,FALSE,fame_deflation,parody_fictional
201,Niccolo Machiavelli,machiavelli,early_modern,politics,aphorism,leadership,0,"it is better to be feared than loved, if you cannot be both. most men attempt both and achieve neither.",103,FALSE,love_vs_fear,parody_fictional
202,Niccolo Machiavelli,machiavelli,early_modern,politics,observation,reputation,0,men judge more by the eye than by the hand. everyone can see. few can touch.,76,FALSE,appearance_over_substance,parody_fictional
203,Niccolo Machiavelli,machiavelli,early_modern,politics,instruction,harsh decisions,0,"injuries should be done all at once. benefits, a little at a time. reverse this and you are hated twice.",104,FALSE,cruelty_arithmetic,parody_fictional
204,Niccolo Machiavelli,machiavelli,early_modern,politics,aphorism,luck,0,fortune governs half of what we do. she leaves the other half to us. most men surrender both.,93,FALSE,fortune_vs_virtu,parody_fictional
205,Niccolo Machiavelli,machiavelli,early_modern,politics,complaint,hired help,0,mercenaries are useless and dangerous. they are brave among friends and cowards before enemies.,95,FALSE,mercenaries_warning,parody_fictional
206,Niccolo Machiavelli,machiavelli,early_modern,politics,observation,advice,1,I write the best political counsel in Europe from a farmhouse. nobody in Florence returns my letters.,101,FALSE,exile_bitterness,parody_fictional
207,Niccolo Machiavelli,machiavelli,early_modern,politics,instruction,change,0,there is nothing more difficult than to take the lead in introducing a new order of things.,91,FALSE,new_prince_problem,parody_fictional
208,Niccolo Machiavelli,machiavelli,early_modern,politics,anachronism_collision,corporate values,2,"they have written their values on the wall. the wall does not enforce them. the incentives do, and those are in a different document.",133,FALSE,appearance_over_substance,parody_fictional
209,Niccolo Machiavelli,machiavelli,early_modern,politics,aphorism,advisors,0,the only way to guard against flattery is to let men know they do not offend you by telling the truth.,102,FALSE,flatterers_warning,parody_fictional
210,Niccolo Machiavelli,machiavelli,early_modern,politics,observation,layoffs,2,"everyone admires the leader who leads with vulnerability, until the cuts come. then they follow whoever cuts fastest and once.",126,FALSE,love_vs_fear,parody_fictional
211,Niccolo Machiavelli,machiavelli,early_modern,politics,instruction,action,0,"it is better to be impetuous than cautious, for fortune is a woman and yields to the bold.",90,FALSE,timing_doctrine,parody_fictional
212,Niccolo Machiavelli,machiavelli,early_modern,politics,brag,writing,1,"tortured, exiled, and stripped of office. wrote a short book about power. it has outlived every man who did that to me.",119,FALSE,exile_bitterness,parody_fictional
213,Niccolo Machiavelli,machiavelli,early_modern,politics,observation,government,0,a republic lasts longer than a principality because it can adapt to more kinds of men.,86,FALSE,republic_vs_prince,parody_fictional
214,Niccolo Machiavelli,machiavelli,early_modern,politics,aphorism,mercy,0,a prince who is too merciful permits disorders which harm the whole. cruelty that restores order is the greater mercy.,118,FALSE,cruelty_arithmetic,parody_fictional
215,Niccolo Machiavelli,machiavelli,early_modern,politics,instruction,feedback,1,surround yourself with men who tell you the truth and then be careful they do not lose respect for you for allowing it.,119,FALSE,flatterers_warning,parody_fictional
216,Niccolo Machiavelli,machiavelli,early_modern,politics,anachronism_collision,founders,2,the new founder has lukewarm defenders among those who might benefit and passionate enemies among those who profit from the old way.,132,FALSE,new_prince_problem,parody_fictional
217,Niccolo Machiavelli,machiavelli,early_modern,politics,observation,virtue,0,it is not necessary to have all the good qualities. it is very necessary to appear to have them.,96,FALSE,appearance_over_substance,parody_fictional
218,Niccolo Machiavelli,machiavelli,early_modern,politics,complaint,consultants,1,men who are paid by the hour have no interest in the war ending.,64,FALSE,mercenaries_warning,parody_fictional
219,Niccolo Machiavelli,machiavelli,early_modern,politics,aphorism,preparation,0,fortune shows her power where there is no organized strength to resist her. build the dikes before the river rises.,115,FALSE,fortune_vs_virtu,parody_fictional
220,Niccolo Machiavelli,machiavelli,early_modern,politics,instruction,delay,0,"never let an evil grow to avoid a war. you do not avoid it, you postpone it to your disadvantage.",97,FALSE,timing_doctrine,parody_fictional
221,Niccolo Machiavelli,machiavelli,early_modern,politics,brag,experience,0,I have learned more about power from being removed from it than I did from holding it.,86,FALSE,exile_bitterness,parody_fictional
222,Niccolo Machiavelli,machiavelli,early_modern,politics,observation,management,2,the manager who wishes to be liked will be obeyed only while the obeying is pleasant.,85,FALSE,love_vs_fear,parody_fictional
223,Niccolo Machiavelli,machiavelli,early_modern,politics,instruction,reversals,0,"if you must injure a man, do it so thoroughly that you need not fear his revenge.",81,FALSE,cruelty_arithmetic,parody_fictional
224,Niccolo Machiavelli,machiavelli,early_modern,politics,aphorism,liberty,0,the people are more prudent and more constant than a prince. this is unfashionable and true.,92,FALSE,republic_vs_prince,parody_fictional
225,Niccolo Machiavelli,machiavelli,early_modern,politics,observation,courts,1,a court is a mechanism for converting information into agreement before it reaches the top.,91,FALSE,flatterers_warning,parody_fictional
226,Niccolo Machiavelli,machiavelli,early_modern,politics,anachronism_collision,branding,2,the mission statement is not a lie. it is a costume. the question is who is wearing it and what they do at night.,113,FALSE,appearance_over_substance,parody_fictional
227,Niccolo Machiavelli,machiavelli,early_modern,politics,instruction,succession,0,he who becomes a prince through the favour of the people should keep them friendly. it costs nothing and buys everything.,121,FALSE,new_prince_problem,parody_fictional
228,Niccolo Machiavelli,machiavelli,early_modern,politics,complaint,allies,0,"auxiliary troops are worse than mercenaries, for they are united and obedient to someone else.",94,FALSE,mercenaries_warning,parody_fictional
229,Niccolo Machiavelli,machiavelli,early_modern,politics,aphorism,opportunity,0,men are the tools of fortune only when they refuse to move at the hour that is offered.,87,FALSE,timing_doctrine,parody_fictional
230,Niccolo Machiavelli,machiavelli,early_modern,politics,observation,adaptation,0,he is happy whose mode of proceeding matches the times. he is ruined when the times change and he does not.,107,FALSE,fortune_vs_virtu,parody_fictional
231,Niccolo Machiavelli,machiavelli,early_modern,politics,brag,obscurity,1,"in the evening I put on court dress and enter the ancient courts of ancient men, who receive me with affection. they are the only ones who do.",142,FALSE,exile_bitterness,parody_fictional
232,Niccolo Machiavelli,machiavelli,early_modern,politics,instruction,discipline,1,be feared without being hated. this requires only that you leave men their property and their women.,100,FALSE,love_vs_fear,parody_fictional
233,Niccolo Machiavelli,machiavelli,early_modern,politics,observation,boards,2,a council of many will decide slowly and correctly. one man will decide quickly and sometimes catastrophically. choose according to the danger.,143,FALSE,republic_vs_prince,parody_fictional
234,Niccolo Machiavelli,machiavelli,early_modern,politics,aphorism,violence,0,men must either be caressed or crushed. slight injuries they will avenge. from severe ones they cannot.,103,FALSE,cruelty_arithmetic,parody_fictional
235,Niccolo Machiavelli,machiavelli,early_modern,politics,instruction,counsel,0,"good counsel comes from the prudence of the prince, not the prudence of the prince from good counsel.",101,FALSE,flatterers_warning,parody_fictional
236,Niccolo Machiavelli,machiavelli,early_modern,politics,complaint,transparency,2,they announce everything and disclose nothing. this is more sophisticated than secrecy and I admire it.,103,FALSE,appearance_over_substance,parody_fictional
237,Niccolo Machiavelli,machiavelli,early_modern,politics,observation,inheritance,0,a hereditary prince has only to avoid changing the customs of his ancestors. this is why so few of them are interesting.,120,FALSE,new_prince_problem,parody_fictional
238,Niccolo Machiavelli,machiavelli,early_modern,politics,aphorism,skill,0,men rise by their own arms and their own ability. those who rise by others' arms hold nothing.,94,FALSE,fortune_vs_virtu,parody_fictional
239,Niccolo Machiavelli,machiavelli,early_modern,politics,instruction,neutrality,1,a prince who does not choose a side will be the prize of the winner and pitied by the loser. neutrality earns contempt from both.,129,FALSE,timing_doctrine,parody_fictional
240,Niccolo Machiavelli,machiavelli,early_modern,politics,brag,honesty,0,I wrote what men actually do rather than what they ought to do. this is why I am not employed.,94,FALSE,exile_bitterness,parody_fictional
241,Niccolo Machiavelli,machiavelli,early_modern,politics,observation,loyalty,1,"the man who serves you for money will leave you for more money, and will do it at the worst possible hour.",106,FALSE,mercenaries_warning,parody_fictional
242,Niccolo Machiavelli,machiavelli,early_modern,politics,anachronism_collision,culture decks,2,forty slides on trust. no slide on what happens to the man who is wrong twice. that slide is the culture.,105,FALSE,love_vs_fear,parody_fictional
243,Niccolo Machiavelli,machiavelli,early_modern,politics,instruction,laws,0,where there are good arms there are good laws. never the reverse. the order matters entirely.,93,FALSE,republic_vs_prince,parody_fictional
244,Niccolo Machiavelli,machiavelli,early_modern,politics,aphorism,deception,0,men are so simple and so ready to obey present necessities that one who deceives will always find those willing to be deceived.,127,FALSE,appearance_over_substance,parody_fictional
245,Niccolo Machiavelli,machiavelli,early_modern,politics,observation,reputation,0,a prince must not mind incurring the charge of cruelty for keeping his subjects united and loyal.,97,FALSE,cruelty_arithmetic,parody_fictional
246,Niccolo Machiavelli,machiavelli,early_modern,politics,instruction,hiring,2,the first opinion formed of a ruler's intelligence is based on the men he keeps around him. this is fair and unforgiving.,121,FALSE,flatterers_warning,parody_fictional
247,Niccolo Machiavelli,machiavelli,early_modern,politics,complaint,reform,1,every reformer is opposed by everyone who prospered under the old arrangement and defended by no one who has not yet prospered under the new.,141,FALSE,new_prince_problem,parody_fictional
248,Niccolo Machiavelli,machiavelli,early_modern,politics,aphorism,war,0,war is not avoided. it is only deferred to the advantage of your enemy.,71,FALSE,timing_doctrine,parody_fictional
249,Niccolo Machiavelli,machiavelli,early_modern,politics,observation,startups,2,the founder credits his ability. the ability was necessary. the timing was decisive. he will learn this on the second attempt.,126,FALSE,fortune_vs_virtu,parody_fictional
250,Niccolo Machiavelli,machiavelli,early_modern,politics,brag,readership,1,men denounce my book publicly and keep a copy where it can be reached without standing up.,90,FALSE,exile_bitterness,parody_fictional
251,Niccolo Machiavelli,machiavelli,early_modern,politics,instruction,generosity,0,a prince who is generous with his own wealth becomes poor and then hated. be generous with what belongs to others.,114,FALSE,love_vs_fear,parody_fictional
252,Niccolo Machiavelli,machiavelli,early_modern,politics,aphorism,corruption,0,"where the material is corrupt, even well ordered laws are of no use unless administered by one man of extraordinary force.",122,FALSE,republic_vs_prince,parody_fictional
253,Niccolo Machiavelli,machiavelli,early_modern,politics,observation,religion,0,nothing gains a prince more esteem than great enterprises and setting a rare example. the example need not be sincere.,118,FALSE,appearance_over_substance,parody_fictional
254,Niccolo Machiavelli,machiavelli,early_modern,politics,instruction,firing,1,dismiss a man once and completely. a man kept on in diminished standing becomes an enemy with an office.,104,FALSE,cruelty_arithmetic,parody_fictional
255,Niccolo Machiavelli,machiavelli,early_modern,politics,complaint,italy,0,Italy has been overrun because she relied on hired arms for twenty years. we bought our own ruin at a fair price.,113,FALSE,mercenaries_warning,parody_fictional
256,Niccolo Machiavelli,machiavelli,early_modern,politics,anachronism_collision,performance reviews,2,a ritual in which everyone tells the powerful what they wish to hear and it is then filed as evidence.,102,FALSE,flatterers_warning,parody_fictional
257,Niccolo Machiavelli,machiavelli,early_modern,politics,observation,conquest,1,the surest way to hold a new territory is to go and live in it. distance is where rebellion incubates.,102,FALSE,new_prince_problem,parody_fictional
258,Niccolo Machiavelli,machiavelli,early_modern,politics,aphorism,decisiveness,0,"delay always brings danger, and prudence is often only well dressed hesitation.",79,FALSE,timing_doctrine,parody_fictional
259,Niccolo Machiavelli,machiavelli,early_modern,politics,instruction,planning,0,the wise man does at once what the fool does finally.,53,FALSE,fortune_vs_virtu,parody_fictional
260,Niccolo Machiavelli,machiavelli,early_modern,politics,brag,realism,0,I am accused of teaching wickedness. I have described the weather. the sailors resent the forecast.,99,FALSE,love_vs_fear,parody_fictional
261,Niccolo Machiavelli,machiavelli,early_modern,politics,observation,institutions,2,the institution outlives the man only if the man is prevented from becoming the institution.,92,FALSE,republic_vs_prince,parody_fictional
262,Niccolo Machiavelli,machiavelli,early_modern,politics,instruction,image,1,"a prince should appear merciful, faithful, humane, religious and upright, and should be so, but with a mind so framed that he can change.",137,FALSE,appearance_over_substance,parody_fictional
263,Niccolo Machiavelli,machiavelli,early_modern,politics,aphorism,enemies,0,whoever causes another to become powerful ruins himself.,56,FALSE,cruelty_arithmetic,parody_fictional
264,Niccolo Machiavelli,machiavelli,early_modern,politics,complaint,outsourcing,2,they have handed the most important function to a vendor and kept the org chart. the vendor now owns them and knows it.,119,FALSE,mercenaries_warning,parody_fictional
265,Niccolo Machiavelli,machiavelli,early_modern,politics,observation,truth,0,men are so blinded by their own affairs that they cannot avoid the plague of flattery except by being difficult to flatter.,123,FALSE,flatterers_warning,parody_fictional
266,Niccolo Machiavelli,machiavelli,early_modern,politics,instruction,foundations,0,"a prince who has not laid his foundations beforehand may lay them afterwards, but the architect and the building are both in danger.",132,FALSE,new_prince_problem,parody_fictional
267,Niccolo Machiavelli,machiavelli,early_modern,politics,aphorism,fortune again,0,"fortune varies and men persist in their ways. when the two agree, they succeed. when they disagree, they do not.",112,FALSE,timing_doctrine,parody_fictional
268,Niccolo Machiavelli,machiavelli,early_modern,politics,brag,posterity,1,they burned my reputation and preserved my arguments. I would have chosen the same trade.,89,FALSE,exile_bitterness,parody_fictional
269,Niccolo Machiavelli,machiavelli,early_modern,politics,observation,obedience,1,men obey out of love at their own convenience and out of fear at yours. only one of those is a schedule.,104,FALSE,love_vs_fear,parody_fictional
270,Niccolo Machiavelli,machiavelli,early_modern,politics,instruction,governance,2,do not create a body that can veto but cannot decide. it will be used to punish and never to build.,99,FALSE,republic_vs_prince,parody_fictional
271,Niccolo Machiavelli,machiavelli,early_modern,politics,aphorism,judgment,0,"everyone sees what you appear to be. few experience what you really are, and those few dare not contradict the many.",116,FALSE,appearance_over_substance,parody_fictional
272,Niccolo Machiavelli,machiavelli,early_modern,politics,complaint,half measures,0,the half measure is the most expensive of all. it earns the hatred of a full one and none of the security.,106,FALSE,cruelty_arithmetic,parody_fictional
273,Niccolo Machiavelli,machiavelli,early_modern,politics,observation,success stories,2,"the successful man narrates his path as a sequence of decisions. it was a sequence of decisions and a sequence of accidents, and he has forgotten which was which.",162,FALSE,fortune_vs_virtu,parody_fictional
274,Niccolo Machiavelli,machiavelli,early_modern,politics,instruction,questions,0,"ask for the truth about the specific thing, at the moment you need it, and permit it only then. general invitations to candour produce general flattery.",152,FALSE,flatterers_warning,parody_fictional
275,Niccolo Machiavelli,machiavelli,early_modern,politics,aphorism,innovation,0,"the innovator has for enemies all those who did well under the old conditions, and lukewarm defenders in those who may do well under the new.",141,FALSE,new_prince_problem,parody_fictional
276,Niccolo Machiavelli,machiavelli,early_modern,politics,observation,arms,0,your own arms may lose a battle. another's arms will lose you the state.,72,FALSE,mercenaries_warning,parody_fictional
277,Niccolo Machiavelli,machiavelli,early_modern,politics,brag,prediction,0,I said Italy would be trampled by whoever arrived first with real soldiers. I was called a pessimist and then correct.,118,FALSE,timing_doctrine,parody_fictional
278,Niccolo Machiavelli,machiavelli,early_modern,politics,instruction,punishment,1,punish rarely and visibly. reward often and quietly. the reverse produces a court of resentful debtors.,103,FALSE,love_vs_fear,parody_fictional
279,Niccolo Machiavelli,machiavelli,early_modern,politics,anachronism_collision,apologies,2,the public apology is now a form of consolidation. he who apologises first controls what the offence was.,105,FALSE,appearance_over_substance,parody_fictional
280,Niccolo Machiavelli,machiavelli,early_modern,politics,aphorism,misfortune,0,"whoever wishes to foresee the future must consult the past, for human events resemble those of preceding times.",111,FALSE,exile_bitterness,parody_fictional
281,Niccolo Machiavelli,machiavelli,early_modern,politics,observation,factions,1,a state with two factions is stable. a state with three is a market. a state with one is a grave.,97,FALSE,republic_vs_prince,parody_fictional
282,Niccolo Machiavelli,machiavelli,early_modern,politics,instruction,conquest again,0,whoever conquers a free town and does not demolish it should expect to be destroyed by it.,90,FALSE,cruelty_arithmetic,parody_fictional
283,Niccolo Machiavelli,machiavelli,early_modern,politics,complaint,yes men,1,"the prince complains that no one warned him. everyone warned him quietly, once, and then observed his face.",107,FALSE,flatterers_warning,parody_fictional
284,Niccolo Machiavelli,machiavelli,early_modern,politics,aphorism,virtue,0,"it is necessary for a prince to learn how not to be good, and to use this knowledge or not according to necessity.",114,FALSE,fortune_vs_virtu,parody_fictional
285,Niccolo Machiavelli,machiavelli,early_modern,politics,observation,reorganizations,2,every reorganisation is a small conquest. the map is redrawn and the resentments are not.,89,FALSE,new_prince_problem,parody_fictional
286,Niccolo Machiavelli,machiavelli,early_modern,politics,instruction,opportunity again,0,the opportunity that finds a man unprepared is not an opportunity. it is a rebuke.,82,FALSE,timing_doctrine,parody_fictional
287,Niccolo Machiavelli,machiavelli,early_modern,politics,brag,farmhouse,1,"I catch thrushes in the morning, argue with woodcutters at noon, and rule imaginary states at night. two of these I am good at.",127,FALSE,exile_bitterness,parody_fictional
288,Niccolo Machiavelli,machiavelli,early_modern,politics,observation,hatred,0,a prince may be feared and not hated if he abstains from the property of his citizens. men sooner forget the death of a father than the loss of an inheritance.,159,FALSE,love_vs_fear,parody_fictional
289,Niccolo Machiavelli,machiavelli,early_modern,politics,aphorism,force,0,"all armed prophets have conquered and unarmed ones have been destroyed. persuasion is a tactic, never a foundation.",115,FALSE,appearance_over_substance,parody_fictional
290,Niccolo Machiavelli,machiavelli,early_modern,politics,instruction,succession planning,2,arrange the succession while you are strong. a succession arranged in weakness is called a civil war.,101,FALSE,republic_vs_prince,parody_fictional
291,Niccolo Machiavelli,machiavelli,early_modern,politics,observation,dependence,1,"the moment you cannot perform a function yourself, the man who performs it has become your partner, whatever the contract says.",127,FALSE,mercenaries_warning,parody_fictional
292,Niccolo Machiavelli,machiavelli,early_modern,politics,complaint,squeamishness,0,men wish for the results of severity and the reputation of gentleness. the two are sold separately.,99,FALSE,cruelty_arithmetic,parody_fictional
293,Niccolo Machiavelli,machiavelli,early_modern,politics,aphorism,self deception,0,there is no other way to guard yourself against flattery than by making men understand that telling you the truth will not offend.,130,FALSE,flatterers_warning,parody_fictional
294,Niccolo Machiavelli,machiavelli,early_modern,politics,instruction,allies again,0,"never join with one more powerful than yourself to attack another, for you will be the next map that is redrawn.",112,FALSE,new_prince_problem,parody_fictional
295,Niccolo Machiavelli,machiavelli,early_modern,politics,observation,momentum,2,delay has never once improved a position that was deteriorating. it has frequently improved the position of whoever was waiting.,128,FALSE,timing_doctrine,parody_fictional
296,Niccolo Machiavelli,machiavelli,early_modern,politics,brag,method,0,"I did not invent any of this. I only wrote it down without the moral decoration, and that was the offence.",106,FALSE,fortune_vs_virtu,parody_fictional
297,Niccolo Machiavelli,machiavelli,early_modern,politics,aphorism,men,0,"men are ungrateful, fickle, false, cowardly, and covetous. as long as you succeed they are yours entirely.",106,FALSE,exile_bitterness,parody_fictional
298,Niccolo Machiavelli,machiavelli,early_modern,politics,instruction,final,1,"do not seek to be loved. seek to be necessary, and then be careful, because necessity also invites removal.",107,FALSE,love_vs_fear,parody_fictional
299,Niccolo Machiavelli,machiavelli,early_modern,politics,observation,militias,1,arm the citizens and they will defend the state as their own. hire men and they will defend the state as an invoice.,116,FALSE,republic_vs_prince,parody_fictional
300,Niccolo Machiavelli,machiavelli,early_modern,politics,aphorism,history,0,"whoever desires to see what will be, let him consider what has been. men have always had the same passions and the same appetites.",130,FALSE,appearance_over_substance,parody_fictional
301,Giacomo Casanova,casanova,early_modern,letters,brag,prison,0,escaped through the roof of the Doge's palace. took a monk with me. he complained the entire way.,97,FALSE,escape_story,parody_fictional
302,Giacomo Casanova,casanova,early_modern,letters,observation,charm,0,nothing is more attractive than genuine attention. this is unfortunate news for men with better faces than mine.,112,FALSE,seduction_by_conversation,parody_fictional
303,Giacomo Casanova,casanova,early_modern,letters,complaint,creditors,1,"three letters this morning, all from men who wish to discuss money. I am travelling. I am always travelling.",108,FALSE,debt_dodge,parody_fictional
304,Giacomo Casanova,casanova,early_modern,letters,aphorism,memory,0,"I have lived, and I would live again. the second time I would take better notes and fewer risks with cards.",107,FALSE,aging_rake,parody_fictional
305,Giacomo Casanova,casanova,early_modern,letters,observation,faro,0,the bank always wins over enough hands. I have known this for thirty years and sat down anyway.,95,FALSE,gambling_math,parody_fictional
306,Giacomo Casanova,casanova,early_modern,letters,anachronism_collision,dating apps,2,a man now selects a companion from a stack of portraits without speaking a word. in my day the conversation was the entire apparatus.,133,FALSE,seduction_by_conversation,parody_fictional
307,Giacomo Casanova,casanova,early_modern,letters,brag,travel,1,"crossed a border as a physician, a priest, and a violinist within one fortnight. the violinist was the most convincing.",119,FALSE,disguise,parody_fictional
308,Giacomo Casanova,casanova,early_modern,letters,instruction,listening,0,ask a question and then be silent long enough to hear the answer. this alone will place you above most of your rivals.,118,FALSE,seduction_by_conversation,parody_fictional
309,Giacomo Casanova,casanova,early_modern,letters,observation,old age,1,I who dined with kings now catalogue books in Bohemia for a count who does not read them.,89,FALSE,librarian_exile,parody_fictional
310,Giacomo Casanova,casanova,early_modern,letters,complaint,money,0,I have made three fortunes and kept none. money and I have an understanding in which only one of us is understood.,114,FALSE,debt_dodge,parody_fictional
311,Giacomo Casanova,casanova,early_modern,letters,aphorism,pleasure,0,I made the pursuit of pleasure the business of my life. I do not recommend it. I only report it.,96,FALSE,aging_rake,parody_fictional
312,Giacomo Casanova,casanova,early_modern,letters,brag,leads,0,the cell was lead-lined and directly beneath the roof. in summer it was an oven. I made a hole in the ceiling with an iron bar.,127,FALSE,escape_story,parody_fictional
313,Giacomo Casanova,casanova,early_modern,letters,observation,networking,2,"dined with Voltaire, who disliked me, and Frederick, who offered me a post I could not take seriously. name-dropping is more efficient in writing.",146,FALSE,name_dropping,parody_fictional
314,Giacomo Casanova,casanova,early_modern,letters,instruction,risk,1,never gamble with money you have not already decided to lose. I have written this down. I have never once obeyed it.,116,FALSE,gambling_math,parody_fictional
315,Giacomo Casanova,casanova,early_modern,letters,complaint,subscriptions,2,small charges renewing forever without a face to argue with. in Venice at least the creditor had to find you.,109,FALSE,debt_dodge,parody_fictional
316,Giacomo Casanova,casanova,early_modern,letters,aphorism,women,0,I have never conquered anyone. I have only made myself agreeable and been permitted.,84,FALSE,seduction_by_conversation,parody_fictional
317,Giacomo Casanova,casanova,early_modern,letters,observation,carriages,0,four days from Paris to Geneva if the roads are dry and the horses honest. neither is common.,93,FALSE,travel_logistics,parody_fictional
318,Giacomo Casanova,casanova,early_modern,letters,brag,identity,1,"I have been a cleric, a soldier, a violinist, a lottery director, a spy, and a librarian, and I was competent at two of them.",125,FALSE,disguise,parody_fictional
319,Giacomo Casanova,casanova,early_modern,letters,instruction,conflict,0,the man who can end a quarrel with a sentence should never end it with a sword. I have used both and prefer the cheaper.,120,FALSE,duel_avoidance,parody_fictional
320,Giacomo Casanova,casanova,early_modern,letters,observation,regret,1,the pleasures I regret are the ones I declined out of prudence. prudence has never once written to thank me.,108,FALSE,aging_rake,parody_fictional
321,Giacomo Casanova,casanova,early_modern,letters,complaint,luck,0,lost eleven hundred sequins in a night. the arithmetic was never in question. the arithmetic is never in question.,114,FALSE,gambling_math,parody_fictional
322,Giacomo Casanova,casanova,early_modern,letters,anachronism_collision,remote work,2,"I have been given a room, a salary, and no company for eleven years. they now call this an arrangement people seek out.",119,FALSE,librarian_exile,parody_fictional
323,Giacomo Casanova,casanova,early_modern,letters,brag,method,0,they said no man had escaped the Leads. they were correct until the fifteenth hour of the thirty-first of October.,114,FALSE,escape_story,parody_fictional
324,Giacomo Casanova,casanova,early_modern,letters,aphorism,attention,0,the greatest gift you can offer anyone is to find them genuinely interesting. most men cannot manage the sincerity.,115,FALSE,seduction_by_conversation,parody_fictional
325,Giacomo Casanova,casanova,early_modern,letters,observation,fame,2,everyone wishes to be remembered for the great men they met. I am remembered for the people who were not great and were far better company.,139,FALSE,name_dropping,parody_fictional
326,Giacomo Casanova,casanova,early_modern,letters,instruction,packing,1,travel light and dress well. a good coat has opened more doors for me than any letter of introduction.,102,FALSE,travel_logistics,parody_fictional
327,Giacomo Casanova,casanova,early_modern,letters,complaint,patrons,1,"a patron is a creditor who prefers to be thanked instead of repaid, until suddenly he does not.",95,FALSE,debt_dodge,parody_fictional
328,Giacomo Casanova,casanova,early_modern,letters,brag,nerve,1,talked my way past a guard by complaining loudly about the guard. confidence is a species of paperwork.,103,FALSE,disguise,parody_fictional
329,Giacomo Casanova,casanova,early_modern,letters,aphorism,time,0,I do not fear death. I resent the interruption.,47,FALSE,aging_rake,parody_fictional
330,Giacomo Casanova,casanova,early_modern,letters,observation,players,0,the man who wins early always stays too long. I have watched it a thousand times and been him a hundred.,104,FALSE,gambling_math,parody_fictional
331,Giacomo Casanova,casanova,early_modern,letters,instruction,flattery,0,flattery fails because it is about you. curiosity succeeds because it is about them. the distinction is everything.,115,FALSE,seduction_by_conversation,parody_fictional
332,Giacomo Casanova,casanova,early_modern,letters,complaint,obscurity,2,I am writing my life because there is no one left in this castle to tell it to.,79,FALSE,librarian_exile,parody_fictional
333,Giacomo Casanova,casanova,early_modern,letters,brag,monk,0,"my companion in the escape was a monk who was frightened of heights, of guards, of me, and of the plan. we succeeded anyway.",124,FALSE,escape_story,parody_fictional
334,Giacomo Casanova,casanova,early_modern,letters,observation,inns,1,a bad inn is survivable. a bad innkeeper is not. always ask the stable boy first.,81,FALSE,travel_logistics,parody_fictional
335,Giacomo Casanova,casanova,early_modern,letters,aphorism,society,0,introductions are currency. I have arrived in eleven cities knowing no one and left each one owing dinner to forty people.,122,FALSE,name_dropping,parody_fictional
336,Giacomo Casanova,casanova,early_modern,letters,instruction,honour,1,apologise quickly and precisely and the matter dies. apologise slowly and vaguely and you will be standing in a field at dawn.,126,FALSE,duel_avoidance,parody_fictional
337,Giacomo Casanova,casanova,early_modern,letters,complaint,lawsuits,0,"two suits in Paris, one in Venice, and a warrant I do not fully understand in Warsaw. I have been extremely busy.",113,FALSE,debt_dodge,parody_fictional
338,Giacomo Casanova,casanova,early_modern,letters,observation,youth,2,"the young now record everything and remember nothing. I recorded nothing for fifty years and remember it all, possibly incorrectly.",131,FALSE,aging_rake,parody_fictional
339,Giacomo Casanova,casanova,early_modern,letters,brag,lottery,1,"I proposed a national lottery to the French crown. they adopted it. I was paid handsomely and lost most of it at cards, which is a kind of symmetry.",148,FALSE,gambling_math,parody_fictional
340,Giacomo Casanova,casanova,early_modern,letters,aphorism,manners,0,good manners are simply the art of making other people comfortable enough to be interesting.,92,FALSE,seduction_by_conversation,parody_fictional
341,Giacomo Casanova,casanova,early_modern,letters,observation,clothing,0,"a man is treated as what he appears to be until he opens his mouth, and often for some minutes afterward.",105,FALSE,disguise,parody_fictional
342,Giacomo Casanova,casanova,early_modern,letters,instruction,languages,0,learn enough of the language to be charming and not enough to be understood in detail. this has served me perfectly.,116,FALSE,travel_logistics,parody_fictional
343,Giacomo Casanova,casanova,early_modern,letters,complaint,boredom,1,the count has fourteen thousand volumes and no conversation. I have read most of the first and invented all of the second.,122,FALSE,librarian_exile,parody_fictional
344,Giacomo Casanova,casanova,early_modern,letters,anachronism_collision,productivity,2,they write of escaping the rat race. I escaped a lead-lined cell through the roof with a spike and a bible. the metaphor has softened.,134,FALSE,escape_story,parody_fictional
345,Giacomo Casanova,casanova,early_modern,letters,brag,meetings,0,"met Voltaire, Rousseau, Frederick the Great, Catherine the Great, Mozart's librettist, and Benjamin Franklin's associates. only two of them liked me.",149,FALSE,name_dropping,parody_fictional
346,Giacomo Casanova,casanova,early_modern,letters,aphorism,life,0,"I have loved women to madness, but I have always loved liberty better, and whenever I risked the second for the first I regretted it.",133,FALSE,aging_rake,parody_fictional
347,Giacomo Casanova,casanova,early_modern,letters,observation,cheating,1,I have played against men who cheated and men who did not. the honest ones took longer and took more.,101,FALSE,gambling_math,parody_fictional
348,Giacomo Casanova,casanova,early_modern,letters,instruction,first impressions,2,do not attempt to be impressive. attempt to be present. impressive is a performance and everyone can hear the effort.,117,FALSE,seduction_by_conversation,parody_fictional
349,Giacomo Casanova,casanova,early_modern,letters,complaint,banks,0,a banker in Amsterdam explained my situation to me at length. I understood it perfectly and left the country.,109,FALSE,debt_dodge,parody_fictional
350,Giacomo Casanova,casanova,early_modern,letters,brag,escape,1,walked out of a city under a false name in a borrowed coat with a stolen horse and a genuine sense of grievance.,112,FALSE,disguise,parody_fictional
351,Giacomo Casanova,casanova,early_modern,letters,observation,borders,0,every border is a negotiation with a bored man who wishes to be spoken to properly. I have never once bribed one who was addressed politely first.,146,FALSE,travel_logistics,parody_fictional
352,Giacomo Casanova,casanova,early_modern,letters,aphorism,writing,0,I write to fill the hours. it turns out the hours were the material all along.,78,FALSE,librarian_exile,parody_fictional
353,Giacomo Casanova,casanova,early_modern,letters,instruction,quarrels,1,never insult a man's competence in front of others. his pride will require the matter to go further than either of you wants.,125,FALSE,duel_avoidance,parody_fictional
354,Giacomo Casanova,casanova,early_modern,letters,complaint,health,2,the gout has arrived. it has opinions about the past which it delivers nightly.,79,FALSE,aging_rake,parody_fictional
355,Giacomo Casanova,casanova,early_modern,letters,observation,kings,1,kings are more easily charmed than merchants. a king has nothing to lose by liking you. a merchant has an invoice.,114,FALSE,name_dropping,parody_fictional
356,Giacomo Casanova,casanova,early_modern,letters,brag,memory,0,I can recall every hand from a night in Lyons in 1760 and cannot recall where I have put my spectacles.,103,FALSE,gambling_math,parody_fictional
357,Giacomo Casanova,casanova,early_modern,letters,aphorism,desire,0,there is no such thing as a person who does not wish to be understood. this is the whole art and it requires no beauty.,119,FALSE,seduction_by_conversation,parody_fictional
358,Giacomo Casanova,casanova,early_modern,letters,instruction,money,0,"carry letters of credit, not coin. coin invites conversation on dark roads.",75,FALSE,travel_logistics,parody_fictional
359,Giacomo Casanova,casanova,early_modern,letters,complaint,reputation,1,my creditors describe me as a fraud. my friends describe me as unlucky. the truth is between them and closer to the creditors.,126,FALSE,debt_dodge,parody_fictional
360,Giacomo Casanova,casanova,early_modern,letters,observation,personas,2,a man may become anyone if he understands what that sort of man complains about. the complaints are the costume.,112,FALSE,disguise,parody_fictional
361,Giacomo Casanova,casanova,early_modern,letters,brag,paris,1,arrived in Paris with almost nothing and dined with the nobility within three weeks. the intervening period is not for publication.,131,FALSE,escape_story,parody_fictional
362,Giacomo Casanova,casanova,early_modern,letters,aphorism,memoirs,0,"I write not to be admired but to live twice, and the second time is cheaper.",76,FALSE,aging_rake,parody_fictional
363,Giacomo Casanova,casanova,early_modern,letters,observation,servants,0,"the servants here mock my accent, my wig, and my age. I have outlived better critics.",85,FALSE,librarian_exile,parody_fictional
364,Giacomo Casanova,casanova,early_modern,letters,instruction,silence,1,a pause is more persuasive than a compliment. most men are frightened of pauses and fill them with themselves.,110,FALSE,seduction_by_conversation,parody_fictional
365,Giacomo Casanova,casanova,early_modern,letters,complaint,ruin,0,I have been rich four times. each fortune lasted exactly as long as my patience with holding it.,96,FALSE,gambling_math,parody_fictional
366,Giacomo Casanova,casanova,early_modern,letters,anachronism_collision,influence,2,a man now measures his acquaintance by a number displayed publicly. I measured mine by who would house me when I arrived unannounced.,133,FALSE,name_dropping,parody_fictional
367,Giacomo Casanova,casanova,early_modern,letters,brag,distance,0,I have crossed Europe perhaps forty times. I could not tell you where I sleep next month and never once could.,110,FALSE,travel_logistics,parody_fictional
368,Giacomo Casanova,casanova,early_modern,letters,observation,violence,1,I have fought one duel of consequence and regretted it before the powder was dry.,81,FALSE,duel_avoidance,parody_fictional
369,Giacomo Casanova,casanova,early_modern,letters,aphorism,truth,0,a man who has been many things believes in none of them entirely. this is either wisdom or the disease I have.,110,FALSE,disguise,parody_fictional
370,Giacomo Casanova,casanova,early_modern,letters,instruction,advice,0,do not save your best years. there is no interest paid on them.,63,FALSE,aging_rake,parody_fictional
371,Giacomo Casanova,casanova,early_modern,letters,complaint,invisibility,2,nobody in this castle knows what I was. I have begun writing it down chiefly so that someone will.,98,FALSE,librarian_exile,parody_fictional
372,Giacomo Casanova,casanova,early_modern,letters,observation,rejection,0,I have been refused more often than accepted. the refusals were frequently better conversation.,95,FALSE,seduction_by_conversation,parody_fictional
373,Giacomo Casanova,casanova,early_modern,letters,brag,nerve,1,held a losing hand and raised. he folded. this remains the only mathematics I ever mastered.,92,FALSE,gambling_math,parody_fictional
374,Giacomo Casanova,casanova,early_modern,letters,instruction,departure,1,leave a city one week before you must. the week you overstay is the week that becomes a story you cannot tell.,110,FALSE,travel_logistics,parody_fictional
375,Giacomo Casanova,casanova,early_modern,letters,aphorism,greatness,0,great men are mostly ordinary men who were interrupted less often.,66,FALSE,name_dropping,parody_fictional
376,Giacomo Casanova,casanova,early_modern,letters,observation,contracts,2,the modern arrangement is that everyone signs something no one reads. we did the same with marriage and it also ended badly.,124,FALSE,debt_dodge,parody_fictional
377,Giacomo Casanova,casanova,early_modern,letters,complaint,venice,0,"banished from the republic I love, for a book, a duel, and something involving a senator's household. two of the three were exaggerated.",136,FALSE,escape_story,parody_fictional
378,Giacomo Casanova,casanova,early_modern,letters,brag,survival,0,arrested in four countries. imprisoned in two. still writing. the record is respectable.,88,FALSE,disguise,parody_fictional
379,Giacomo Casanova,casanova,early_modern,letters,aphorism,women again,0,"I have never deceived a woman about what I was. I have frequently deceived myself, which was more expensive.",108,FALSE,aging_rake,parody_fictional
380,Giacomo Casanova,casanova,early_modern,letters,instruction,humour,0,make her laugh before you make her a compliment. the compliment will then be believed.,86,FALSE,seduction_by_conversation,parody_fictional
381,Giacomo Casanova,casanova,early_modern,letters,observation,routine,1,"breakfast, the catalogue, a walk, the memoirs, an argument with a footman. I once escaped from a palace.",104,FALSE,librarian_exile,parody_fictional
382,Giacomo Casanova,casanova,early_modern,letters,complaint,systems,1,a man in Turin showed me an infallible system. he was infallibly poor when I left the city.,91,FALSE,gambling_math,parody_fictional
383,Giacomo Casanova,casanova,early_modern,letters,brag,catherine,1,"had an audience with the Empress of Russia. proposed a reform of the calendar. she was polite and unmoved, which is the imperial form of no.",140,FALSE,name_dropping,parody_fictional
384,Giacomo Casanova,casanova,early_modern,letters,observation,luggage,0,I have lost more manuscripts to bad coaches than to bad censors.,64,FALSE,travel_logistics,parody_fictional
385,Giacomo Casanova,casanova,early_modern,letters,aphorism,pride,0,pride has cost me more money than any woman and more time than any prison.,74,FALSE,duel_avoidance,parody_fictional
386,Giacomo Casanova,casanova,early_modern,letters,instruction,reinvention,2,"when a city has finished with you, do not argue with it. change your name, change your coat, and be a different problem elsewhere.",130,FALSE,disguise,parody_fictional
387,Giacomo Casanova,casanova,early_modern,letters,complaint,friends,0,"I have borrowed from nearly everyone I love. this is why the letters have stopped, and I do not blame them.",107,FALSE,debt_dodge,parody_fictional
388,Giacomo Casanova,casanova,early_modern,letters,observation,mirrors,1,"I avoided mirrors for a decade. I have now made peace with the arrangement, which is that they win.",99,FALSE,aging_rake,parody_fictional
389,Giacomo Casanova,casanova,early_modern,letters,brag,final,0,the escape took fifteen months of planning and eight hours of terror. I have never done anything better and I was thirty-one.,125,FALSE,escape_story,parody_fictional
390,Giacomo Casanova,casanova,early_modern,letters,aphorism,final,0,"the secret is that there is no secret. be interested, be amusing, be prepared to leave, and mean all three.",107,FALSE,seduction_by_conversation,parody_fictional
391,Giacomo Casanova,casanova,early_modern,letters,observation,legacy,2,"they will remember the seductions and forget the escape, the lottery, the spying, and the twelve volumes. the seductions were the least interesting part.",153,FALSE,librarian_exile,parody_fictional
392,Giacomo Casanova,casanova,early_modern,letters,instruction,final,1,"arrive early, dress above your station, know one excellent story, and never explain how you came to be at the table.",116,FALSE,travel_logistics,parody_fictional
393,Giacomo Casanova,casanova,early_modern,letters,complaint,final,1,I have calculated the odds correctly my whole life and acted against them almost every time. that is not a flaw in the mathematics.,131,FALSE,gambling_math,parody_fictional
394,Giacomo Casanova,casanova,early_modern,letters,aphorism,epitaph,0,"I lived as a philosopher and die as a Christian, which is the most efficient possible arrangement.",98,FALSE,aging_rake,parody_fictional
395,Giacomo Casanova,casanova,early_modern,letters,observation,mozart,0,"assisted with a libretto in Prague. the young man had no interest in my stories, which I found refreshing and insulting.",120,FALSE,name_dropping,parody_fictional
396,Giacomo Casanova,casanova,early_modern,letters,brag,paperwork,1,forged nothing. borrowed a name that was not in use. there is a distinction and I have argued it before magistrates.,116,FALSE,disguise,parody_fictional
397,Giacomo Casanova,casanova,early_modern,letters,instruction,quitting,0,the skill is not in the play. it is in standing up. I have mastered the play.,77,FALSE,gambling_math,parody_fictional
398,Giacomo Casanova,casanova,early_modern,letters,complaint,explaining,2,everyone wants the accounting and no one wants the story. the story is the only part that was ever true.,104,FALSE,debt_dodge,parody_fictional
399,Giacomo Casanova,casanova,early_modern,letters,aphorism,freedom,0,"liberty is worth more than any comfort, and I have paid for it with every comfort I ever had.",93,FALSE,escape_story,parody_fictional
400,Giacomo Casanova,casanova,early_modern,letters,observation,old men,1,old men are dangerous in a quarrel because they have less to lose and no intention of running.,94,FALSE,duel_avoidance,parody_fictional