Bryant Jackson-Green	@BryantJG
Aditi Qamra	@Itti_Q
Volodymyr Miz	@mizvladimir
Elena Glassman	@roboticwrestler
Bongshin Lee	@bongshin
Jeffrey Heer	@jeffrey_heer
Daniel Angus	@antmandan
Vasia Kalavri	@vkalavri
Hanspeter Pfister	@hpfister
Nuray Yozbatiran	@NurayYozbatiran
Mariya I. Vasileva	@mariyaivasileva
Rafael H. M. Pereira Urban Demographics	@UrbanDemog
Tomasz Malisiewicz	@quantombone
Andr Pase	@andrepase
Fred Hohman	@fredhohman
Rachel Falconer	@RachelMFalconer
Zijie Jay Wang	@Jay4w
Jonathan N. Katz	@Jonathan_N_Katz
Uri Schonfeld	@shuri_org
Nelson Silva	@njssnjss
Andy Prata	@andyprata
Abhishek Koladiya	@abhivkoladiya
Gabriela Gongora-Svartzman	@ProfGS_
Kolawole J. Adebayo	@collawolley
Salim Arslan	@salimarslan
Filip Dabek	@FilipJDabek
MIT CSAIL	@MIT_CSAIL
Yisong Yue	@yisongyue
Michal Tal	@ImmunoFever
Douglas Eck	@douglas_eck
Kai Arulkumaran	@kaixhin
Ari Morcos	@arimorcos
David van Dijk	@david_van_dijk
Shameer Khader	@kshameer
Rex Douglass	@RexDouglass
Dominik Moritz	@domoritz
Adam Chekroud	@drchekkers
Leonardo F. Nascimento	@leofn3
dhiraj murthy	@dhirajmurthy
Justin Matejka	@JustinMatejka
Vincent van Unen	@VincentvUnen
buddhika bellana	@buddhikabellana
Maren Friesen	@symbiomics
Feng Liu	@liufengbrain
Joses Ho	@jacuzzijo
Jordan Barria Pineda	@j_barria
Frank Schlosser	@franksh_
Aditeya Pandey	@aaditeya
Paul Brewer	@drpaulbrewer
David Sumpter	@Soccermatics
Derya Unutmaz	@Derya_
Interactive Data Lab	@uwdata
Alex Chaucer	@geoparadigm
Anna Huang	@huangcza
Rogers State U.	@RogersStateU
John Alexis Guerra G mez	@duto_guerra
Chris Choy	@realChrisChoy
Fowler School of Law	@Chapman_Law
Felix Bethke	@F_Bethke
Robert Manduca	@robertmanduca
Jonas Sch ley	@jschoeley
Iker Jamardo Zugaza	@judax
Christoph Kinkeldey	@geovisual
Tom Le Paine	@TomLePaine
Bernease Herman	@bernease
Nezar Abdennur	@nv1ctus
Diego Garcia-Olano	@dgolano
Steve Smith	@spsmith1
Johannes Chalupa	@JohChalupa
Neo Mohsenvand	@mohsenvand
John Thompson	@jr_thomp
Tapsi Kumar	@TapsiKS
Ashish Jaiswal	@ashiz2013
Michael O'Riordan	@M_O_Riordan
John Mercer	@john_d_mercer
Jeffrey Shaffer	@DataPlusScience
Will Knight	@willknight
ahmed ghappour	@ghappour
Mark Thornton	@Mark_A_Thornton
Simon Colton	@SimonGColton
Janet Martin	@janetmartinwho
Pelayo Arbu s	@pelayoarbues
Maximilian Doelle	@M_Doelle
Luke Sanford	@LC_Sanford
Boris M ller	@borism
UChicago CAPP	@UChicagoCAPP
James Bailey	@jbailey
AR in ACTION	@ARinACTION
Dilyana Bossenz	@VizPilgrim
Georgios Psychogios	@Geo_Psychogios
Xavi Gim nez	@xavigimenez
Federico Pernici	@FedPernici
Michael Peer	@michael_peer_
P draig Mac Aodhg in	@drpatrickegan
Gaudio Lab Inc.	@gaudiolab
Sezer Kutluk	@sezerkutluk
Scott Carter	@HereticalSraffa
Carolina Nobre	@carolinanobre84
Juan Thomassie	@jthomassie1
Paul Parsons	@drpaulparsons
Weihao Yu	@yuwh
Mia Feng	@mia_mifeng
Chiyu Weng	@bramasolo
Najmeh Taleb	@NajmehTaleb
Jaime Snyder	@jay_ess
Adrien Todeschini	@adrtod
Aba Crentsil	@AOCrentsil
Karthik Duddu	@karthikduddu
Liu Liu	@liuxliu_66
Miles Brundage	@Miles_Brundage
Joshua Stevens	@jscarto
Bharath Ramsundar	@rbhar90
Jessica Hullman	@JessicaHullman
Carmen Ng	@Carmen_NgKaMan
Alex Engler	@AlexCEngler
Bill Chen	@realchillben
Junfan Zhu IROS	@junfanzhu98
Meredith Martin	@mmvty
Katie McDonough	@khetiwe24
Martin Tomko	@dinomirMT
Joel Eden	@joeleden
Michael Widner	@mwidner
Fredrik Thomassen	@f_thomassen
Branden Murray	@bmurr26
NDSU Research Tech Park	@NDSURTP
Deepak Nathani	@deepaknathani11
Doyle Groves	@deejmon
Alex Sherstinsky	@AlexSherstinsky
Hassan Hijazi	@HassanLHijazi
Bum Chul Kwon	@BCKwon
Jason Park	@JasonPathology
Andrea Bonilla	@datasci_andrea
Dan Paul Smith	@danpaulsmith
Ben Moore	@benjaminlmoore
Damon Civin	@DCivin
Not happy with the bigot tweets in timeline	@SteveAtTheMac
Sue Michael	@soomichael
Hyemi Song	@BohyemianSong
Brian McMahan	@bcmcmahan
Joshua Fink	@joshjfink
Hua Guo	@Tacitia
Gianluca Biotto	@gianluca_b8
Elie Ritch	@SudomanX
Federico Castanedo	@overfit
Julian Derungs	@JulianDerungs
Ben Peirce	@bpeirce
Zach Bessinger	@ZachBessinger
Sumeet S Singh	@unterix
Vincent Van Look	@vincentvanlook
The Person Project	@ThePersonProj
Dan Vatterott	@dvatterott
Jeroen Boeye	@JeroenBoeye
Stirling Waite	@stirlingwaite
B. Scot Rousse	@bscotrousse
Omid Alemi	@alvand2
Graig Sauer	@Graig82
Jonathan C Stroud	@jonathancstroud
Nicholas Spyrison	@nspyrison
Cameron Yick	@cam_data
Mohammad Roufa	@MohammadRoufa
Huaming Sun	@HuamingSun
Jeremy Howard	@jeremyphoward
Maxim Leyzerovich	@round
Hilary Parker	@hspter
Erfan Miahi	@erfan_mhi
Georgina Cosma	@gcosma1
Alexander Chen	@alexanderchen
Sarah Hill	@SarahMidMO
Abhishek Nagaraj	@abhishekn
Nikhil Thorat	@nsthorat
Joe Bishop-Henchman	@jbhenchman
Alan Smith	@theboysmithy
Drue Kataoka	@DrueKataoka
Natalia Mazotte	@NataliaMazotte
Christopher Nguyen	@pentagoniac
Ian Milligan	@ianmilligan1
Geoffrey W. King	@geoffwking
Chris Tape	@christophertape
John D. Harden	@Jdharden
USTP University of Applied Sciences St. P lten	@ustp_hochschule
Till Nagel	@tillnm
Flood Sung	@RotekSong
James Curley	@jalapic
Dinushki De Livera	@deeVizable
Lucas Timmons	@lucastimmons
John Austin is on and	@kleptine
Kevin Robinson	@krob
Romain Vuillemot	@romsson
Andrey Chetverikov	@ralfer
Matteo Gagliolo	@gagliol
Valeria Vitale	@nottinauta
Panagiotis D. Ritsos	@ritsos_p
Robin Stethem	@RobinStethem
iain douglas	@GameArtAcademic
Russ Ferguson	@asciibn
Wallon Walusayi	@Wallon_
Kat Hartman	@data_kat
liat berdugo	@whatliat
Luca Scholz	@DrLucaScholz
Fernando Yu	@fernandoyu_
Maarten Vanhoof	@Metti_Hoof
Matt Fyles	@matt_fyles
David Urbina	@mrdavidurbina
Andreas Muxel	@amuxel
Shahrzad Masoumnia	@shahrzadmn67
ouedarbi mohamed	@OuedarbiMohamed
Alejandro Benito-Santos	@alexbensan
Zhijian Li	@ZhijianLi3
Michael Tu	@tuzhucheng
Dean Farrell	@farrelldlfarrel
QUT BDA	@QUT_BDA
Mike Taptich	@MikeTaptich
Kyle Dunovan	@dunovank
Johanna Fulda	@jofu_
Freeman Wang	@freestatman
Matt Michel	@ninjaPixel
Peter Butcher	@pwsbutcher
Ismail Uddin	@ismailud
Kevin Mader	@KevinSMader
Rafael Quintana	@RafaelQuintanaU
Herr Professor Doktor Kurtsy	@kurtsy
Colin El	@ce1337
Chris Reudenbach	@creuden
Brian Fisher	@brfisher
Zack D	@superturbos
Ian McKenzie	@McKenzieIA
John Walley	@DoWhatIMean
Sixthirtyone News	@631news
MSU Students for Lib	@MSULiberty
